[{"pk": 1, "model": "repository.slug", "fields": {"text": "d0"}}, {"pk": 2, "model": "repository.slug", "fields": {"text": "t0"}}, {"pk": 3, "model": "repository.slug", "fields": {"text": "s0"}}, {"pk": 4, "model": "repository.slug", "fields": {"text": "fantastic-solution"}}, {"pk": 5, "model": "repository.slug", "fields": {"text": "even-more-fantastic"}}, {"pk": 6, "model": "repository.slug", "fields": {"text": "tasssk"}}, {"pk": 7, "model": "repository.slug", "fields": {"text": "d1"}}, {"pk": 8, "model": "repository.slug", "fields": {"text": "foobar"}}, {"pk": 1, "model": "repository.license", "fields": {"url": "http://www.opendatacommons.org/licenses/pddl/", "name": "PDDL"}}, {"pk": 2, "model": "repository.license", "fields": {"url": "http://creativecommons.org/about/cc0", "name": "CC0"}}, {"pk": 3, "model": "repository.license", "fields": {"url": "http://www.opendatacommons.org/licenses/odbl/", "name": "ODbL"}}, {"pk": 1, "model": "repository.fixedlicense", "fields": {"url": "http://creativecommons.org/licenses/by-sa/3.0/", "name": "CC-BY-SA 3.0"}}, {"pk": 1, "model": "repository.tasktype", "fields": {"name": "Regression"}}, {"pk": 2, "model": "repository.tasktype", "fields": {"name": "Classification"}}, {"pk": 19, "model": "repository.repository", "fields": {"downloads": 0, "total_number_of_votes": 0, "is_deleted": false, "description": "", "average_documentation_rating": -1.0, "user": 15, "hits": 8, "summary": "v2", "average_rating": -1.0, "version": 3, "is_current": true, "publications": "", "urls": "", "is_public": true, "pub_date": "2010-01-25 15:14:05", "slug": 6, "average_interesting_rating": -1.0, "name": "tasssk"}}, {"pk": 18, "model": "repository.repository", "fields": {"downloads": 0, "total_number_of_votes": 0, "is_deleted": false, "description": "", "average_documentation_rating": -1.0, "user": 15, "hits": 12, "summary": "", "average_rating": -1.0, "version": 2, "is_current": false, "publications": "", "urls": "", "is_public": true, "pub_date": "2010-01-25 14:47:04", "slug": 8, "average_interesting_rating": -1.0, "name": "foobar"}}, {"pk": 17, "model": "repository.repository", "fields": {"downloads": 0, "total_number_of_votes": 0, "is_deleted": false, "description": "", "average_documentation_rating": -1.0, "user": 15, "hits": 7, "summary": "", "average_rating": -1.0, "version": 1, "is_current": true, "publications": "", "urls": "", "is_public": true, "pub_date": "2010-01-25 14:46:51", "slug": 8, "average_interesting_rating": -1.0, "name": "foobar"}}, {"pk": 16, "model": "repository.repository", "fields": {"downloads": 0, "total_number_of_votes": 0, "is_deleted": false, "description": "", "average_documentation_rating": -1.0, "user": 15, "hits": 2, "summary": "", "average_rating": -1.0, "version": 3, "is_current": true, "publications": "", "urls": "", "is_public": true, "pub_date": "2010-01-25 14:43:44", "slug": 3, "average_interesting_rating": -1.0, "name": "s0"}}, {"pk": 15, "model": "repository.repository", "fields": {"downloads": 0, "total_number_of_votes": 0, "is_deleted": false, "description": "", "average_documentation_rating": -1.0, "user": 15, "hits": 1, "summary": "", "average_rating": -1.0, "version": 2, "is_current": false, "publications": "", "urls": "", "is_public": true, "pub_date": "2010-01-25 14:43:29", "slug": 3, "average_interesting_rating": -1.0, "name": "s0"}}, {"pk": 14, "model": "repository.repository", "fields": {"downloads": 0, "total_number_of_votes": 0, "is_deleted": false, "description": "", "average_documentation_rating": -1.0, "user": 15, "hits": 9, "summary": "v3", "average_rating": -1.0, "version": 4, "is_current": true, "publications": "", "urls": "", "is_public": true, "pub_date": "2010-01-25 13:49:25", "slug": 5, "average_interesting_rating": -1.0, "name": "even more fantastic!!!!"}}, {"pk": 13, "model": "repository.repository", "fields": {"downloads": 0, "total_number_of_votes": 0, "is_deleted": false, "description": "", "average_documentation_rating": -1.0, "user": 15, "hits": 6, "summary": "v2", "average_rating": -1.0, "version": 2, "is_current": false, "publications": "", "urls": "", "is_public": true, "pub_date": "2010-01-25 13:47:54", "slug": 6, "average_interesting_rating": -1.0, "name": "tasssk"}}, {"pk": 12, "model": "repository.repository", "fields": {"downloads": 0, "total_number_of_votes": 0, "is_deleted": false, "description": "", "average_documentation_rating": -1.0, "user": 15, "hits": 6, "summary": "", "average_rating": -1.0, "version": 1, "is_current": true, "publications": "", "urls": "", "is_public": true, "pub_date": "2010-01-25 13:45:13", "slug": 7, "average_interesting_rating": -1.0, "name": "d1"}}, {"pk": 11, "model": "repository.repository", "fields": {"downloads": 0, "total_number_of_votes": 0, "is_deleted": false, "description": "", "average_documentation_rating": -1.0, "user": 15, "hits": 3, "summary": "", "average_rating": -1.0, "version": 1, "is_current": false, "publications": "", "urls": "", "is_public": false, "pub_date": "2010-01-25 13:42:27", "slug": 6, "average_interesting_rating": -1.0, "name": "tasssk"}}, {"pk": 10, "model": "repository.repository", "fields": {"downloads": 0, "total_number_of_votes": 0, "is_deleted": false, "description": "", "average_documentation_rating": -1.0, "user": 15, "hits": 2, "summary": "v3", "average_rating": -1.0, "version": 3, "is_current": false, "publications": "", "urls": "", "is_public": true, "pub_date": "2010-01-25 13:34:22", "slug": 5, "average_interesting_rating": -1.0, "name": "even more fantastic!!!!"}}, {"pk": 9, "model": "repository.repository", "fields": {"downloads": 0, "total_number_of_votes": 0, "is_deleted": false, "description": "", "average_documentation_rating": -1.0, "user": 15, "hits": 1, "summary": "v2", "average_rating": -1.0, "version": 2, "is_current": false, "publications": "", "urls": "", "is_public": true, "pub_date": "2010-01-25 13:33:53", "slug": 5, "average_interesting_rating": -1.0, "name": "even more fantastic!!!!"}}, {"pk": 8, "model": "repository.repository", "fields": {"downloads": 0, "total_number_of_votes": 0, "is_deleted": false, "description": "", "average_documentation_rating": -1.0, "user": 15, "hits": 2, "summary": "", "average_rating": -1.0, "version": 1, "is_current": false, "publications": "", "urls": "", "is_public": true, "pub_date": "2010-01-25 13:33:06", "slug": 5, "average_interesting_rating": -1.0, "name": "even more fantastic!!!!"}}, {"pk": 7, "model": "repository.repository", "fields": {"downloads": 0, "total_number_of_votes": 0, "is_deleted": false, "description": "", "average_documentation_rating": -1.0, "user": 15, "hits": 1, "summary": "", "average_rating": -1.0, "version": 1, "is_current": true, "publications": "", "urls": "", "is_public": true, "pub_date": "2010-01-25 13:29:23", "slug": 4, "average_interesting_rating": -1.0, "name": "fantastic solution!"}}, {"pk": 6, "model": "repository.repository", "fields": {"downloads": 0, "total_number_of_votes": 0, "is_deleted": false, "description": "", "average_documentation_rating": -1.0, "user": 15, "hits": 5, "summary": "v2", "average_rating": -1.0, "version": 2, "is_current": true, "publications": "", "urls": "", "is_public": true, "pub_date": "2010-01-25 13:23:20", "slug": 2, "average_interesting_rating": -1.0, "name": "t0"}}, {"pk": 5, "model": "repository.repository", "fields": {"downloads": 0, "total_number_of_votes": 1, "is_deleted": false, "description": "", "average_documentation_rating": 2.0, "user": 2, "hits": 16, "summary": "v3", "average_rating": 2.5, "version": 3, "is_current": true, "publications": "", "urls": "", "is_public": true, "pub_date": "2010-01-25 13:21:37", "slug": 1, "average_interesting_rating": 3.0, "name": "d0"}}, {"pk": 4, "model": "repository.repository", "fields": {"downloads": 0, "total_number_of_votes": 0, "is_deleted": false, "description": "", "average_documentation_rating": -1.0, "user": 2, "hits": 2, "summary": "", "average_rating": -1.0, "version": 1, "is_current": false, "publications": "", "urls": "", "is_public": true, "pub_date": "2010-01-25 12:48:54", "slug": 3, "average_interesting_rating": -1.0, "name": "s0"}}, {"pk": 3, "model": "repository.repository", "fields": {"downloads": 0, "total_number_of_votes": 0, "is_deleted": false, "description": "", "average_documentation_rating": -1.0, "user": 2, "hits": 6, "summary": "v2", "average_rating": -1.0, "version": 2, "is_current": false, "publications": "", "urls": "", "is_public": true, "pub_date": "2010-01-25 12:46:58", "slug": 1, "average_interesting_rating": -1.0, "name": "d0"}}, {"pk": 2, "model": "repository.repository", "fields": {"downloads": 0, "total_number_of_votes": 1, "is_deleted": false, "description": "", "average_documentation_rating": 2.0, "user": 2, "hits": 4, "summary": "", "average_rating": 3.0, "version": 1, "is_current": false, "publications": "", "urls": "", "is_public": true, "pub_date": "2010-01-25 12:46:34", "slug": 2, "average_interesting_rating": 4.0, "name": "t0"}}, {"pk": 1, "model": "repository.repository", "fields": {"downloads": 0, "total_number_of_votes": 0, "is_deleted": false, "description": "", "average_documentation_rating": -1.0, "user": 2, "hits": 5, "summary": "", "average_rating": -1.0, "version": 1, "is_current": false, "publications": "", "urls": "", "is_public": true, "pub_date": "2010-01-25 12:46:05", "slug": 1, "average_interesting_rating": -1.0, "name": "d0"}}, {"pk": 12, "model": "repository.data", "fields": {"is_approved": true, "license": 2, "format": "hdf5", "usage_scenario": "", "tags": "", "measurement_details": "", "source": "", "file": "data/d1_.libsvm.hdf5"}}, {"pk": 5, "model": "repository.data", "fields": {"is_approved": true, "license": 1, "format": "hdf5", "usage_scenario": "", "tags": "fuss, hand", "measurement_details": "", "source": "", "file": "data/d0.libsvm.hdf5"}}, {"pk": 3, "model": "repository.data", "fields": {"is_approved": true, "license": 1, "format": "hdf5", "usage_scenario": "", "tags": "fuss, hand", "measurement_details": "", "source": "", "file": "data/d0.libsvm.hdf5"}}, {"pk": 1, "model": "repository.data", "fields": {"is_approved": true, "license": 1, "format": "hdf5", "usage_scenario": "", "tags": "", "measurement_details": "", "source": "", "file": "data/d0.libsvm.hdf5"}}, {"pk": 19, "model": "repository.task", "fields": {"splits": "", "license": 1, "tags": "more", "data": [5], "output": "fsad", "performance_measure": "fas", "input": "fsdaf", "type": 1}}, {"pk": 13, "model": "repository.task", "fields": {"splits": "", "license": 1, "tags": "more", "data": [12, 5], "output": "fsad", "performance_measure": "fas", "input": "fsdaf", "type": 1}}, {"pk": 11, "model": "repository.task", "fields": {"splits": "", "license": 1, "tags": "", "data": [5], "output": "fsad", "performance_measure": "fas", "input": "fsdaf", "type": 1}}, {"pk": 6, "model": "repository.task", "fields": {"splits": "", "license": 1, "tags": "fuss, hand, new", "data": [12], "output": "fasd", "performance_measure": "fa", "input": "dsaf", "type": 1}}, {"pk": 2, "model": "repository.task", "fields": {"splits": "", "license": 1, "tags": "fuss, hand", "data": [12], "output": "fasd", "performance_measure": "fa", "input": "dsaf", "type": 1}}, {"pk": 18, "model": "repository.solution", "fields": {"feature_processing": "", "code": "", "license": 1, "parameters": "", "tags": "", "task": 6, "score": "", "os": ""}}, {"pk": 17, "model": "repository.solution", "fields": {"feature_processing": "", "code": "", "license": 1, "parameters": "", "tags": "", "task": 13, "score": "", "os": ""}}, {"pk": 16, "model": "repository.solution", "fields": {"feature_processing": "", "code": "", "license": 1, "parameters": "", "tags": "fasel, bla", "task": 13, "score": "", "os": ""}}, {"pk": 15, "model": "repository.solution", "fields": {"feature_processing": "", "code": "", "license": 1, "parameters": "", "tags": "fasel, bla", "task": 6, "score": "", "os": ""}}, {"pk": 14, "model": "repository.solution", "fields": {"feature_processing": "", "code": "", "license": 1, "parameters": "", "tags": "", "task": 13, "score": "", "os": ""}}, {"pk": 10, "model": "repository.solution", "fields": {"feature_processing": "", "code": "", "license": 1, "parameters": "", "tags": "", "task": 6, "score": "", "os": ""}}, {"pk": 9, "model": "repository.solution", "fields": {"feature_processing": "", "code": "", "license": 1, "parameters": "", "tags": "", "task": 6, "score": "", "os": ""}}, {"pk": 8, "model": "repository.solution", "fields": {"feature_processing": "", "code": "", "license": 1, "parameters": "", "tags": "", "task": 6, "score": "", "os": ""}}, {"pk": 7, "model": "repository.solution", "fields": {"feature_processing": "", "code": "", "license": 1, "parameters": "", "tags": "", "task": 6, "score": "", "os": ""}}, {"pk": 4, "model": "repository.solution", "fields": {"feature_processing": "", "code": "", "license": 1, "parameters": "", "tags": "fasel, bla", "task": 2, "score": "", "os": ""}}, {"pk": 1, "model": "repository.rating", "fields": {"interesting": 4, "documentation": 2, "user": 15}}, {"pk": 2, "model": "repository.rating", "fields": {"interesting": 3, "documentation": 2, "user": 15}}, {"pk": 2, "model": "repository.datarating", "fields": {"repository": 5}}, {"pk": 1, "model": "repository.taskrating", "fields": {"repository": 2}}]
